{
  "AMQ:AMBON": [
    -3.6933722,
    128.1766127
  ],
  "AMQ:MALUKU BARAT DAYA": [
    -7.7867206,
    126.2427827
  ],
  "BIT:PULAU LEMBEH": [
    1.4684975,
    125.2589817
  ],
  "BLI:BAKUNG": [
    -8.2577929,
    112.0743139
  ],
  "BLI:SELOREJO": [
    -7.3340051,
    112.323588
  ],
  "BLI:UDANAWU": [
    -7.25,
    112.75
  ],
  "BLI:WATES": [
    -7.9174509,
    112.127351
  ],
  "BLK:BANTAENG": [
    -5.5714553,
    120.1003417
  ],
  "BLK:JENEPONTO": [
    -5.6796827,
    119.7474599
  ],
  "BLK:KEPULAUAN SELAYAR": [
    -7.2958182,
    120.9504989
  ],
  "BSW:SINJAI": [
    -5.2006665,
    120.1441865
  ],
  "BSW:SOPPENG": [
    -4.3188696,
    119.9185062
  ],
  "BSW:WAJO": [
    -3.9655767,
    120.1279377
  ],
  "BTH:PULAU GALANG": [
    0.7468266,
    104.2264555
  ],
  "BTU:KASEMBON": [
    -7.7803868,
    112.3087233
  ],
  "BTU:PUJON": [
    -7.8542596,
    112.4924759
  ],
  "BWX:KABUPATEN BANYUWANGI": [
    -8.2079276,
    114.3562777
  ],
  "CBN:CIREBON": [
    -6.7053546,
    108.5553503
  ],
  "CJR:AGRABINTA": [
    -7.3806159,
    106.8866381
  ],
  "CJR:BOJONGPICUNG": [
    -6.8508819,
    107.2698802
  ],
  "CJR:CAMPAKA": [
    -7.0118954,
    107.1437942
  ],
  "CJR:CAMPAKA MULYA": [
    -6.818,
    107.14
  ],
  "CJR:CIANJUR": [
    -6.8245938,
    107.1426417
  ],
  "CJR:CIANJUR SELATAN": [
    -7.4924891,
    107.3376277
  ],
  "CJR:CIBEBER": [
    -6.9375398,
    107.1211717
  ],
  "CJR:CIBINONG": [
    -7.3078564,
    107.1276814
  ],
  "CJR:CIDAUN": [
    -7.3740799,
    107.4271032
  ],
  "CJR:CIJATI": [
    -7.2604386,
    107.0349386
  ],
  "CJR:CIKADU": [
    -7.3227676,
    107.2564368
  ],
  "CJR:CIKALONG KULON": [
    -6.7131046,
    107.2140463
  ],
  "CJR:CILAKU": [
    -6.8773679,
    107.1309149
  ],
  "CJR:CIPANAS": [
    -6.7304753,
    107.0402563
  ],
  "CJR:CIRANJANG": [
    -6.8142021,
    107.25121
  ],
  "CJR:CUGENANG": [
    -6.7989122,
    107.0784751
  ],
  "CJR:GEKBRONG": [
    -6.8673362,
    107.0325409
  ],
  "CJR:HAURWANGI": [
    -6.8297779,
    107.3121119
  ],
  "CJR:KADUPANDAK": [
    -7.2613266,
    107.0474378
  ],
  "CJR:KARANGTENGAH": [
    -6.8024164,
    107.1771371
  ],
  "CJR:LELES": [
    -7.3729276,
    106.982177
  ],
  "CJR:MANDE": [
    -6.737017,
    107.248023
  ],
  "CJR:NARINGGUL": [
    -7.3342038,
    107.3280381
  ],
  "CJR:PACET": [
    -6.747664,
    107.0478389
  ],
  "CJR:PAGELARAN": [
    -7.2022454,
    107.1433953
  ],
  "CJR:PASIRKUDA": [
    -6.7982929,
    107.5429277
  ],
  "CJR:SINDANGBARANG": [
    -7.4238421,
    107.1629218
  ],
  "CJR:SUKALUYU": [
    -7.3937898,
    107.2167467
  ],
  "CJR:SUKANAGARA": [
    -7.1008008,
    107.1292125
  ],
  "CJR:SUKARESMI": [
    -6.7339872,
    107.093798
  ],
  "CJR:TAKOKAK": [
    -7.0515646,
    107.0006078
  ],
  "CJR:TANGGEUNG": [
    -7.262166,
    107.119364
  ],
  "CJR:WARUNGKONDANG": [
    -6.8695549,
    107.094925
  ],
  "CMS:BANJAR": [
    -7.385019,
    108.496679
  ],
  "CMS:CIAMIS": [
    -7.3266659,
    108.3531111
  ],
  "DJB:JAMBI": [
    -1.6296917,
    103.6077806
  ],
  "DJB:TANJUNG JABUNG BARAT": [
    -1.0490699,
    103.1097116
  ],
  "ENE:ENDE": [
    -8.8439147,
    121.647964
  ],
  "ENE:NAGEKEO": [
    -8.6758869,
    121.2708027
  ],
  "ENE:NGADA": [
    -8.6499482,
    120.986707
  ],
  "FFQ:SORONG": [
    -0.8634105,
    131.2544805
  ],
  "GRT:GARUT": [
    -7.2133699,
    107.9035501
  ],
  "GTO:BOALEMO": [
    0.6876202,
    122.3356833
  ],
  "GTO:GORONTALO UTARA": [
    0.5642317,
    123.0867429
  ],
  "GTO:POPAYATO": [
    0.5123614,
    121.4921575
  ],
  "IDY:INDRAMAYU": [
    -6.3265439,
    108.3228847
  ],
  "JOG:GUNUNGKIDUL": [
    -7.9930377,
    110.5579309
  ],
  "JOG:SLEMAN": [
    -7.6894175,
    110.3812904
  ],
  "JPA:JEPARA": [
    -6.5899148,
    110.6672987
  ],
  "JPA:KARIMUNJAWA": [
    -5.8796265,
    110.4329073
  ],
  "JUB:KEPULAUAN SERIBU SELATAN": [
    -5.8038872,
    106.5253063
  ],
  "JUB:KEPULAUAN SERIBU UTARA": [
    -5.655169,
    106.5670469
  ],
  "JUB:PENJARINGAN": [
    -6.1289041,
    106.7992012
  ],
  "KDR:BAGOR": [
    -7.5718704,
    111.8531208
  ],
  "KDR:KANDANGAN": [
    -7.7566842,
    112.2817244
  ],
  "KDR:LENGKONG": [
    -7.4508745,
    112.4637693
  ],
  "KDR:NGLUYU": [
    -7.4485318,
    111.9625479
  ],
  "KDR:SAWAHAN": [
    -7.7227232,
    112.1432381
  ],
  "KNG:KUNINGAN": [
    -6.9821453,
    108.4768043
  ],
  "KPN:AMPELGADING": [
    -8.2026122,
    112.8298784
  ],
  "KPN:DAMPIT": [
    -8.2129316,
    112.7512862
  ],
  "KPN:SUMBERMANJING WETAN": [
    -8.2590678,
    112.6838688
  ],
  "KPN:TIRTOYUDO": [
    -8.2446998,
    112.8155949
  ],
  "KTG:MINAHASA SELATAN": [
    1.07031,
    124.4361622
  ],
  "LBJ:LABUAN BAJO": [
    -8.4885876,
    119.8871761
  ],
  "LBJ:LEMBOR": [
    -8.7100587,
    120.1688699
  ],
  "LBJ:MANGGARAI": [
    -8.4781137,
    119.8911072
  ],
  "LBJ:MANGGARAI TIMUR": [
    -8.4999967,
    119.8820056
  ],
  "LKA:ADONARA": [
    -8.2411737,
    123.1399016
  ],
  "LKA:LARANTUKA": [
    -8.3271995,
    123.0039069
  ],
  "LKA:LEMBATA": [
    -8.3781443,
    123.5446266
  ],
  "LMN:BABAT": [
    -7.1063013,
    112.1688743
  ],
  "LMN:SOLOKURO": [
    -6.9341552,
    112.3575986
  ],
  "LMN:SUGIO": [
    -7.1586008,
    112.2899018
  ],
  "MDC:MINAHASA SELATAN": [
    1.4759144,
    124.8369507
  ],
  "MDC:SITARO": [
    1.4905233,
    124.8375127
  ],
  "MDC:TAHUNA": [
    3.611866,
    125.5007636
  ],
  "MDC:TALAUD": [
    -5.1422438,
    119.4817131
  ],
  "MDN:KABUPATEN MADIUN": [
    -7.7592291,
    111.5269613
  ],
  "MDN:KABUPATEN MAGETAN": [
    -7.6542489,
    111.3360565
  ],
  "MDN:KABUPATEN NGAWI": [
    -7.4023551,
    111.4463214
  ],
  "MGL:TEMANGGUNG": [
    -7.6897808,
    110.2918303
  ],
  "MJA:MAJALENGKA": [
    -6.8351874,
    108.2277623
  ],
  "MKW:MANOKWARI": [
    -0.8614456,
    134.0767324
  ],
  "MKW:MANOKWARI SELATAN": [
    -1.5065717,
    134.1698927
  ],
  "MKW:TELUK BINTUNI": [
    -2.1138854,
    133.5287755
  ],
  "MKW:TELUK WONDAMA": [
    -2.632525,
    134.5661466
  ],
  "MLG:JABUNG": [
    -7.9476662,
    112.7469912
  ],
  "MLG:PONCOKUSUMO": [
    -8.0533903,
    112.8112453
  ],
  "MMJ:MAMUJU TENGAH": [
    -2.0214417,
    119.5405447
  ],
  "MMJ:MAMUJU UTARA": [
    -2.676321,
    118.8835934
  ],
  "PBO:KABUPATEN PROBOLINGGO": [
    -7.9284743,
    112.9515003
  ],
  "PDL:ANGSANA": [
    -6.5774736,
    105.8605349
  ],
  "PDL:BANJARSARI": [
    -6.3521949,
    106.0738985
  ],
  "PDL:BAYAH": [
    -6.9334934,
    106.2448311
  ],
  "PDL:BOJONG MANIK": [
    -6.308,
    105.861
  ],
  "PDL:CARITA": [
    -6.3192595,
    105.8371008
  ],
  "PDL:CIBALIUNG": [
    -6.7171956,
    105.7366524
  ],
  "PDL:CIBEBER": [
    -6.5949543,
    105.632007
  ],
  "PDL:CIBITUNG": [
    -6.6204263,
    105.8868566
  ],
  "PDL:CIGEMBLONG": [
    -6.7277233,
    106.155073
  ],
  "PDL:CIGEULIS": [
    -6.5885377,
    105.6948375
  ],
  "PDL:CIHARA": [
    -6.8641685,
    106.1049678
  ],
  "PDL:CIJAKU": [
    -6.7058716,
    106.0708965
  ],
  "PDL:CIKEUDAL": [
    -6.308,
    105.861
  ],
  "PDL:CIKEUSIK": [
    -6.7281988,
    105.8722598
  ],
  "PDL:CILELES": [
    -6.505736,
    106.0852772
  ],
  "PDL:CILOGRANG": [
    -6.9547223,
    106.3587729
  ],
  "PDL:CIMANGGU": [
    -6.6908923,
    105.6272345
  ],
  "PDL:CIPANAS": [
    -6.5504171,
    106.3986796
  ],
  "PDL:CIRINTEN": [
    -6.6333254,
    106.1569377
  ],
  "PDL:CURUGBITUNG": [
    -6.4514292,
    106.3901489
  ],
  "PDL:GUNUNG KENCANA": [
    -6.1644657,
    106.6356847
  ],
  "PDL:JIPUT": [
    -6.343364,
    105.9011203
  ],
  "PDL:LABUAN": [
    -6.3756536,
    105.8253806
  ],
  "PDL:LEBAK GEDONG": [
    -5.3716135,
    105.1010193
  ],
  "PDL:LEUWIDAMAR": [
    -6.5143844,
    106.1952138
  ],
  "PDL:MAJA": [
    -6.3258421,
    106.0901768
  ],
  "PDL:MALINGPING": [
    -6.7792304,
    106.0192236
  ],
  "PDL:MUNCANG": [
    -6.5393739,
    105.6424251
  ],